id;lname;fname;additional;dob;is_alive
1;Columbus;Christopher;Capricorn;1451-01-01;false
2;da Vinci;Leonardo;Aries;1452-04-15;false
3;Michelangelo Buonarroti;;Pisces;1475-03-06;false
4;Shakespeare;William;Capricorn;1564-01-01;false
5;Rubens;Peter Paul;Cancer;1577-06-28;false
6;Rembrandt Harmenszoon van Rijn;;Cancer;1606-07-15;false
7;Moliere;;Capricorn;1622-01-15;false
8;Vermeer;Jan;Scorpio;1632-10-31;false
9;Newton;Isaac;Capricorn;1642-12-25;false
10;Vivaldi;Antonio;Pisces;1678-03-04;false
11;Handel;George Frederick;Pisces;1685-02-23;false
12;Bach;Johann Sebastian;Aries;1685-03-21;false
13;Franklin;Benjamin;Capricorn;1706-01-17;false
14;Haydn;Franz Joseph;Aries;1732-03-31;false
15;Jefferson;Thomas;Aries;1743-04-13;false
16;Goya;Francisco de;Aries;1746-03-30;false
17;Hamilton;Alexander;Capricorn;1755-01-11;false
18;Mozart;Wolfgang Amadeus;Aquarius;1756-01-27;false
19;Burr;Aaron;Aquarius;1756-02-06;false
20;Adams;John Quincy;Cancer;1767-07-11;false
21;Napoleon I;;Leo;1769-08-15;false
22;Beethoven;Ludwig van;Sagittarius;1770-12-16;false
23;Hemings;Sally;Capricorn;1773-01-01;false
24;Irving;Washington;Aries;1783-04-03;false
25;Audubon;John James;Taurus;1785-04-26;false
26;Rossini;Gioacchino;Pisces;1792-02-29;false
27;Schubert;Franz;Aquarius;1797-01-31;false
28;Berlioz;Hector;Sagittarius;1803-12-11;false
29;Andersen;Hans Christian;Aries;1805-04-02;false
30;Lee;Robert E;Capricorn;1807-01-19;false
31;Johnson;Andrew;Capricorn;1808-12-29;false
32;Poe;Edgar Allan;Capricorn;1809-01-19;false
33;Mendelssohn;Felix;Aquarius;1809-02-03;false
34;Darwin;Charles Robert;Aquarius;1809-02-12;false
35;Lincoln;Abraham;Aquarius;1809-02-12;false
36;Chopin;Frederic;Pisces;1810-03-01;false
37;Stowe;Harriet Beecher;Gemini;1811-06-14;false
38;Liszt;Franz;Libra;1811-10-22;false
39;Dickens;Charles;Aquarius;1812-02-07;false
40;Wagner;Richard;Gemini;1813-05-22;false
41;Verdi;Giuseppe;Libra;1813-10-10;false
42;Thoreau;Henry David;Cancer;1817-07-12;false
43;Marx;Karl;Taurus;1818-05-05;false
44;Whitman;Walt;Gemini;1819-05-31;false
45;Melville;Herman;Leo;1819-08-01;false
46;Dostoyevsky;Fyodor;Scorpio;1821-11-11;false
47;Olmsted;Frederick Law;Taurus;1822-04-26;false
48;Grant;Ulysses S;Taurus;1822-04-27;false
49;Ibsen;Henrik;Pisces;1828-03-20;false
50;Tolstoy;Leo;Virgo;1828-09-09;false
51;Dickinson;Emily;Sagittarius;1830-12-10;false
52;Manet;Edouard;Aquarius;1832-01-23;false
53;Alcott;Louisa May;Sagittarius;1832-11-29;false
54;Brahms;Johannes;Taurus;1833-05-07;false
55;Degas;Edgar;Cancer;1834-07-19;false
56;Carnegie;Andrew;Sagittarius;1835-11-25;false
57;Clemens;Samuel Langhorne;Sagittarius;1835-11-30;false
58;Homer;Winslow;Pisces;1836-02-24;false
59;Bizet;Georges;Scorpio;1838-10-25;false
60;Custer;George Armstrong;Sagittarius;1839-12-05;false
61;Tchaikovsky;Peter Ilyich;Taurus;1840-05-07;false
62;Monet;Claude;Scorpio;1840-11-14;false
63;Massenet;Jules;Taurus;1842-05-12;false
64;Sullivan;Arthur S;Taurus;1842-05-13;false
65;James;Henry;Aries;1843-04-05;false
66;Cassatt;Mary;Gemini;1844-05-22;false
67;Edison;Thomas A;Aquarius;1847-02-11;false
68;Strindberg;August;Aquarius;1849-01-22;false
69;van Gogh;Vincent;Aries;1853-03-30;false
70;White;Stanford;Scorpio;1853-11-09;false
71;Wilde;Oscar;Libra;1854-10-16;false
72;Sargent;John Singer;Capricorn;1856-01-12;false
73;Freud;Sigmund;Taurus;1856-05-06;false
74;Shaw;George Bernard;Leo;1856-07-26;false
75;Wilson;Woodrow;Capricorn;1856-12-28;false
76;Roosevelt;Theodore;Scorpio;1858-10-27;false
77;Puccini;Giacomo;Capricorn;1858-12-22;false
78;Doyle;Arthur Conan;Gemini;1859-05-22;false
79;Chekhov;Anton;Aquarius;1860-01-29;false
80;Mahler;Gustav;Cancer;1860-07-07;false
81;Klimt;Gustav;Cancer;1862-07-14;false
82;Debussy;Claude;Leo;1862-08-22;false
83;Ford;Henry;Leo;1863-07-30;false
84;Strauss;Richard;Gemini;1864-06-11;false
85;Yeats;William Butler;Gemini;1865-06-13;false
86;Sibelius;Jean;Sagittarius;1865-12-08;false
87;Kipling;Rudyard;Capricorn;1865-12-30;false
88;Wright;Frank Lloyd;Gemini;1867-06-08;false
89;Nicholas II;Czar of Russia;Taurus;1868-05-18;false
90;Matisse;Henri;Capricorn;1869-12-31;false
91;Lenin;Vladimir;Taurus;1870-04-22;false
92;Proust;Marcel;Cancer;1871-07-10;false
93;Caruso;Enrico;Pisces;1873-02-25;false
94;Rachmaninoff;Sergei;Aries;1873-04-01;false
95;Cather;Willa;Sagittarius;1873-12-07;false
96;Stein;Gertrude;Aquarius;1874-02-03;false
97;Houdini;Harry;Aries;1874-03-24;false
98;Schoenberg;Arnold;Virgo;1874-09-13;false
99;Ives;Charles Edward;Libra;1874-10-20;false
100;Churchill;Winston Leonard Spencer;Sagittarius;1874-11-30;false
101;Mann;Thomas;Gemini;1875-06-06;false
102;Jung;Carl Gustav;Leo;1875-07-26;false
103;Duncan;Isadora;Gemini;1877-05-27;false
104;Stalin;Joseph;Sagittarius;1878-12-18;false
105;Einstein;Albert;Pisces;1879-03-14;false
106;Steichen;Edward;Aries;1879-03-27;false
107;Picasso;Pablo;Scorpio;1881-10-25;false
108;Woolf;Virginia;Aquarius;1882-01-25;false
109;Roosevelt;Franklin Delano;Aquarius;1882-01-30;false
110;Joyce;James;Aquarius;1882-02-02;false
111;Stravinsky;Igor;Gemini;1882-06-17;false
112;Kafka;Franz;Cancer;1883-07-03;false
113;Mussolini;Benito;Leo;1883-07-29;false
114;Truman;Harry S;Taurus;1884-05-08;false
115;Modigliani;Amedeo;Cancer;1884-07-12;false
116;Roosevelt;Eleanor;Libra;1884-10-11;false
117;Kern;Jerome;Aquarius;1885-01-27;false
118;Berg;Alban;Aquarius;1885-02-09;false
119;Pound;Ezra;Scorpio;1885-10-30;false
120;Rivera;Diego;Sagittarius;1886-12-08;false
121;Cobb;Ty;Sagittarius;1886-12-18;false
122;Chagall;Marc;Cancer;1887-07-07;false
123;Berlin;Irving;Taurus;1888-05-11;false
124;Chandler;Raymond;Leo;1888-07-23;false
125;Moses;Robert;Sagittarius;1888-12-18;false
126;Chaplin;Charlie;Aries;1889-04-16;false
127;Hitler;Adolf;Aries;1889-04-20;false
128;Cocteau;Jean;Cancer;1889-07-05;false
129;Christie;Agatha;Virgo;1890-09-15;false
130;Marx;Groucho;Libra;1890-10-02;false
131;Eisenhower;Dwight David;Libra;1890-10-14;false
132;de Gaulle;Charles;Scorpio;1890-11-22;false
133;Hurston;Zora Neale;Capricorn;1891-01-07;false
134;Prokofiev;Sergei;Taurus;1891-04-27;false
135;Tolkien;J R R;Capricorn;1892-01-03;false
136;Miro;Joan;Aries;1893-04-20;false
137;West;Mae;Leo;1893-08-17;false
138;Parker;Dorothy;Leo;1893-08-22;false
139;Gish;Lillian;Libra;1893-10-14;false
140;Mao Zedong;;Capricorn;1893-12-26;false
141;Rockwell;Norman;Aquarius;1894-02-03;false
142;Khrushchev;Nikita S;Aries;1894-04-15;false
143;Graham;Martha;Taurus;1894-05-11;false
144;Renoir;Jean;Virgo;1894-09-15;false
145;Thurber;James;Sagittarius;1894-12-08;false
146;Hoover;J Edgar;Capricorn;1895-01-01;false
147;Ruth;George Herman;Aquarius;1895-02-06;false
148;Peron;Juan Domingo;Libra;1895-10-08;false
149;Burns;George;Capricorn;1896-01-20;false
150;Fitzgerald;F Scott;Libra;1896-09-24;false
151;Thomson;Virgil;Sagittarius;1896-11-25;false
152;Wilder;Thornton;Aries;1897-04-17;false
153;Earhart;Amelia;Leo;1897-07-24;false
154;Faulkner;William;Libra;1897-09-25;false
155;Eisenstein;Sergei;Aquarius;1898-01-22;false
156;Brecht;Bertolt;Aquarius;1898-02-10;false
157;Robeson;Paul;Aries;1898-04-09;false
158;Calder;Alexander;Cancer;1898-07-22;false
159;Gershwin;George;Libra;1898-09-26;false
160;Poulenc;Francis;Capricorn;1899-01-07;false
161;Nabokov;Vladimir;Taurus;1899-04-22;false
162;Ellington;Duke;Taurus;1899-04-29;false
163;Astaire;Fred;Taurus;1899-05-10;false
164;Hemingway;Ernest;Cancer;1899-07-21;false
165;Hitchcock;Alfred;Leo;1899-08-13;false
166;Coward;Noel;Sagittarius;1899-12-16;false
167;Bogart;Humphrey;Capricorn;1899-12-25;false
168;Weill;Kurt;Pisces;1900-03-02;false
169;Armstrong;Louis;Cancer;1900-07-04;false
170;Hayes;Helen;Libra;1900-10-10;false
171;Mitchell;Margaret;Scorpio;1900-11-08;false
172;Copland;Aaron;Scorpio;1900-11-14;false
173;Disney;Walt;Sagittarius;1901-12-05;false
174;Heisenberg;Werner;Sagittarius;1901-12-05;false
175;Dietrich;Marlene;Capricorn;1901-12-27;false
176;Bing;Rudolf;Capricorn;1902-01-09;false
177;Hughes;Langston;Aquarius;1902-02-01;false
178;Lindbergh;Charles A;Aquarius;1902-02-04;false
179;Steinbeck;John;Pisces;1902-02-27;false
180;Stone;Edward Durell;Pisces;1902-03-09;false
181;Singer;Isaac Bashevis;Scorpio;1902-11-21;false
182;Thurmond;Strom;Sagittarius;1902-12-05;false
183;Spock;Benjamin;Taurus;1903-05-02;false
184;Crosby;Bing;Taurus;1903-05-03;false
185;Hope;Bob;Gemini;1903-05-29;false
186;Gehrig;Lou;Gemini;1903-06-19;false
187;Hirschfeld;Al;Gemini;1903-06-21;false
188;Orwell;George;Cancer;1903-06-25;false
189;Rothko;Mark;Libra;1903-09-25;false
190;Waugh;Evelyn;Scorpio;1903-10-28;false
191;Cornell;Joseph;Capricorn;1903-12-24;false
192;Balanchine;George;Aquarius;1904-01-22;false
193;Geisel;Theodor Seuss;Pisces;1904-03-02;false
194;Gielgud;John;Aries;1904-04-14;false
195;de Kooning;Willem;Taurus;1904-04-24;false
196;Dali;Salvador;Taurus;1904-05-11;false
197;Deng Xiaoping;;Leo;1904-08-22;false
198;Greene;Graham;Libra;1904-10-02;false
199;Hart;Moss;Scorpio;1904-10-24;false
200;Hiss;Alger;Scorpio;1904-11-11;false
201;Rand;Ayn;Aquarius;1905-02-02;false
202;Hellman;Lillian;Gemini;1905-06-20;false
203;Garbo;Greta;Virgo;1905-09-18;false
204;Styne;Jule;Capricorn;1905-12-31;false
205;Eichmann;Adolf;Pisces;1906-03-19;false
206;Beame;Abraham D;Pisces;1906-03-20;false
207;Beckett;Samuel;Aries;1906-04-13;false
208;Lindbergh;Anne Morrow;Cancer;1906-06-22;false
209;Wilder;Billy;Cancer;1906-06-22;false
210;Johnson;Philip;Cancer;1906-07-08;false
211;Huston;John;Leo;1906-08-05;false
212;Shostakovich;Dmitri;Libra;1906-09-25;false
213;Hepburn;Katharine;Taurus;1907-05-12;false
214;Olivier;Laurence;Gemini;1907-05-22;false
215;Mellon;Paul;Gemini;1907-06-11;false
216;Kahlo;Frida;Cancer;1907-07-06;false
217;Carter;Benny;Leo;1907-08-08;false
218;Teller;Edward;Capricorn;1908-01-15;false
219;Annenberg;Walter H;Pisces;1908-03-13;false
220;Davis;Bette;Aries;1908-04-05;false
221;Hampton;Lionel;Aries;1908-04-20;false
222;Allende Gossens;Salvador;Cancer;1908-06-26;false
223;Marshall;Thurgood;Cancer;1908-07-02;false
224;Rockefeller;Nelson Aldrich;Cancer;1908-07-08;false
225;Berle;Milton;Cancer;1908-07-12;false
226;Johnson;Lyndon Baines;Virgo;1908-08-27;false
227;Galbraith;John Kenneth;Libra;1908-10-15;false
228;Blackmun;Harry A;Scorpio;1908-11-12;false
229;McCarthy;Joseph R;Scorpio;1908-11-14;false
230;Cooke;Alistair;Scorpio;1908-11-20;false
231;Goldwater;Barry M;Capricorn;1909-01-01;false
232;Borge;Victor;Capricorn;1909-01-03;false
233;Goodman;Benny;Gemini;1909-05-30;false
234;Tandy;Jessica;Gemini;1909-06-07;false
235;Kazan;Elia;Virgo;1909-09-07;false
236;Mercer;Johnny;Scorpio;1909-11-18;false
237;Ionesco;Eugene;Sagittarius;1909-11-26;false
238;Barber;Samuel;Pisces;1910-03-09;false
239;Rockefeller;Laurance S;Gemini;1910-05-26;false
240;Loesser;Frank;Cancer;1910-06-29;false
241;Saarinen;Eero;Leo;1910-08-20;false
242;Teresa (Mother);;Virgo;1910-08-27;false
243;Hart;Kitty Carlisle;Virgo;1910-09-03;false
244;Reagan;Ronald Wilson;Aquarius;1911-02-06;false
245;Williams;Tennessee;Aries;1911-03-26;false
246;Cronyn;Hume;Cancer;1911-07-18;false
247;Ball;Lucille;Leo;1911-08-06;false
248;Rogers;Roy;Scorpio;1911-11-05;false
249;Merrick;David;Sagittarius;1911-11-27;false
250;Pollock;Jackson;Aquarius;1912-01-28;false
251;Terkel;Studs;Taurus;1912-05-16;false
252;Cox;Archibald;Taurus;1912-05-17;false
253;Cheever;John;Gemini;1912-05-27;false
254;Guthrie;Woody;Cancer;1912-07-14;false
255;Child;Julia;Leo;1912-08-15;false
256;Kelly;Gene;Virgo;1912-08-23;false
257;Cage;John;Virgo;1912-09-05;false
258;Antonioni;Michelangelo;Libra;1912-09-29;false
259;Solti;Georg;Libra;1912-10-21;false
260;Cooke;Jack Kent;Scorpio;1912-10-25;false
261;Duke;Doris;Scorpio;1912-11-22;false
262;Johnson;Lady Bird;Capricorn;1912-12-22;false
263;Nixon;Richard Milhous;Capricorn;1913-01-09;false
264;Parks;Rosa;Aquarius;1913-02-04;false
265;Ford;Gerald Rudolph Jr;Cancer;1913-07-14;false
266;Camus;Albert;Scorpio;1913-11-07;false
267;Britten;Benjamin;Scorpio;1913-11-22;false
268;Burroughs;William S;Aquarius;1914-02-05;false
269;Guinness;Alec;Aries;1914-04-02;false
270;DiMaggio;Joe;Sagittarius;1914-11-25;false
271;Green;Adolph;Sagittarius;1914-12-02;false
272;Holiday;Billie;Aries;1915-04-07;false
273;Quinn;Anthony;Taurus;1915-04-21;false
274;Bellow;Saul;Gemini;1915-06-10;false
275;Rockefeller;David;Gemini;1915-06-12;false
276;Miller;Arthur;Libra;1915-10-17;false
277;Friendly;Fred W;Scorpio;1915-10-30;false
278;Pinochet Ugarte;Augusto;Sagittarius;1915-11-25;false
279;Wallach;Eli;Sagittarius;1915-12-07;false
280;Sinatra;Frank;Sagittarius;1915-12-12;false
281;Botha;P W;Capricorn;1916-01-12;false
282;Gleason;Jackie;Pisces;1916-02-26;false
283;Klinghoffer;Leon;Libra;1916-09-24;false
284;Koop;C Everett;Libra;1916-10-14;false
285;Cronkite;Walter;Scorpio;1916-11-04;false
286;Douglas;Kirk;Sagittarius;1916-12-09;false
287;Fitzgerald;Ella;Taurus;1917-04-25;false
288;Pei;I M;Taurus;1917-04-26;false
289;Comden;Betty;Taurus;1917-05-03;false
290;Kennedy;John Fitzgerald;Gemini;1917-05-29;false
291;Martin;Dean;Gemini;1917-06-07;false
292;Horne;Lena;Cancer;1917-06-30;false
293;Wyeth;Andrew;Cancer;1917-07-12;false
294;Weinberger;Caspar W;Leo;1917-08-18;false
295;Lawrence;Jacob;Virgo;1917-09-07;false
296;Marcos;Ferdinand E;Virgo;1917-09-11;false
297;Rizzuto;Phil;Libra;1917-09-25;false
298;Monk;Thelonious;Libra;1917-10-10;false
299;Gillespie;Dizzy;Libra;1917-10-21;false
300;Gandhi;Indira;Scorpio;1917-11-19;false
301;Byrd;Robert C;Scorpio;1917-11-20;false
302;Clarke;Arthur C;Sagittarius;1917-12-16;false
303;Davis;Ossie;Sagittarius;1917-12-18;false
304;Henderson;Skitch;Aquarius;1918-01-27;false
305;Mcpartland;Marian;Pisces;1918-03-20;false
306;Bergman;Ingmar;Cancer;1918-07-14;false
307;Laurents;Arthur;Cancer;1918-07-14;false
308;Bernstein;Leonard;Virgo;1918-08-25;false
309;Williams;Ted;Virgo;1918-08-30;false
310;Lerner;Alan Jay;Virgo;1918-08-31;false
311;Robbins;Jerome;Libra;1918-10-11;false
312;Graham;Billy;Scorpio;1918-11-07;false
313;Agnew;Spiro T;Scorpio;1918-11-09;false
314;Waldheim;Kurt;Sagittarius;1918-12-12;false
315;Sadat;Anwar El-;Capricorn;1918-12-25;false
316;Salinger;J D;Capricorn;1919-01-01;false
317;Robinson;Jackie;Aquarius;1919-01-31;false
318;Carey;Hugh L;Aries;1919-04-11;false
319;Seeger;Pete;Taurus;1919-05-03;false
320;Kael;Pauline;Gemini;1919-06-19;false
321;Hillary;Edmund;Cancer;1919-07-20;false
322;Wallace;George C;Virgo;1919-08-25;false
323;Zhao Ziyang;;Libra;1919-10-17;false
324;Colby;William E;Capricorn;1920-01-04;false
325;Fellini;Federico;Capricorn;1920-01-20;false
326;Moon;Sun Myung;Pisces;1920-02-25;false
327;Randall;Tony;Pisces;1920-02-26;false
328;Harriman;Pamela;Pisces;1920-03-20;false
329;Stevens;John Paul;Aries;1920-04-20;false
330;John Paul II;;Taurus;1920-05-18;false
331;Lee;Peggy;Gemini;1920-05-26;false
332;Helmsley;Leona;Cancer;1920-07-04;false
333;Brinkley;David;Cancer;1920-07-10;false
334;Stern;Isaac;Cancer;1920-07-21;false
335;Bradbury;Ray;Leo;1920-08-22;false
336;Parker;Charlie;Virgo;1920-08-29;false
337;Claiborne;Craig;Virgo;1920-09-04;false
338;Shultz;George P;Sagittarius;1920-12-13;true
339;Channing;Carol;Aquarius;1921-01-31;false
340;Friedan;Betty;Aquarius;1921-02-04;false
341;Rudel;Julius;Pisces;1921-03-06;false
342;Suharto;;Gemini;1921-06-08;false
343;Reagan;Nancy;Cancer;1921-07-06;false
344;Glenn;John;Cancer;1921-07-18;false
345;Valenti;Jack;Virgo;1921-09-05;false
346;Montand;Yves;Libra;1921-10-13;false
347;Helms;Jesse;Libra;1921-10-18;false
348;Lindsay;John V;Sagittarius;1921-11-24;false
349;Hollings;Ernest F;Capricorn;1922-01-01;false
350;Rabin;Yitzhak;Pisces;1922-03-01;false
351;Kerouac;Jack;Pisces;1922-03-12;false
352;Reiner;Carl;Pisces;1922-03-20;false
353;Garland;Judy;Gemini;1922-06-10;false
354;McGovern;George S;Cancer;1922-07-19;false
355;Edwards;Blake;Leo;1922-07-26;false
356;Robards;Jason;Leo;1922-07-26;false
357;Lear;Norman;Leo;1922-07-27;true
358;Caesar;Sid;Virgo;1922-09-08;false
359;Chafee;John H;Libra;1922-10-22;false
360;Dee;Ruby;Scorpio;1922-10-27;false
361;Vonnegut;Kurt;Scorpio;1922-11-11;false
362;Hewitt;Don;Sagittarius;1922-12-14;false
363;Lee;Stan;Capricorn;1922-12-28;false
364;Stapleton;Jean;Capricorn;1923-01-19;false
365;Mailer;Norman;Aquarius;1923-01-31;false
366;Durning;Charles;Pisces;1923-02-28;false
367;Puente;Tito;Aries;1923-04-20;false
368;Heller;Joseph;Taurus;1923-05-01;false
369;Kissinger;Henry A;Gemini;1923-05-27;true
370;Redstone;Sumner M;Gemini;1923-05-27;false
371;Dole;Bob;Cancer;1923-07-22;true
372;Peres;Shimon;Leo;1923-08-02;false
373;Lichtenstein;Roy;Scorpio;1923-10-27;false
374;Stevens;Ted;Scorpio;1923-11-18;false
375;Callas;Maria;Sagittarius;1923-12-02;false
376;Roach;Max;Capricorn;1924-01-10;false
377;Lautenberg;Frank R;Aquarius;1924-01-23;false
378;Mugabe;Robert;Pisces;1924-02-21;false
379;Webster;William H;Pisces;1924-03-06;true
380;Brando;Marlon;Aries;1924-04-03;false
381;Harnick;Sheldon;Taurus;1924-04-30;true
382;Dewhurst;Colleen;Gemini;1924-06-03;false
383;Bush;George;Gemini;1924-06-12;false
384;Inouye;Daniel K;Virgo;1924-09-07;false
385;Bacall;Lauren;Virgo;1924-09-16;false
386;Mastroianni;Marcello;Libra;1924-09-28;false
387;Capote;Truman;Libra;1924-09-30;false
388;Carter;Jimmy;Libra;1924-10-01;true
389;Rehnquist;William H;Libra;1924-10-01;false
390;Iacocca;Lee A;Libra;1924-10-15;false
391;Koch;Edward I;Sagittarius;1924-12-12;false
392;Verdon;Gwen;Capricorn;1925-01-13;false
393;Newman;Paul;Aquarius;1925-01-26;false
394;Stritch;Elaine;Aquarius;1925-02-02;false
395;Dash;Samuel;Pisces;1925-02-27;false
396;Scowcroft;Brent;Pisces;1925-03-19;false
397;Boulez;Pierre;Aries;1925-03-26;false
398;Berra;Yogi;Taurus;1925-05-12;false
399;Malcolm X;;Taurus;1925-05-19;false
400;Pol Pot;;Taurus;1925-05-19;false
401;Bush;Barbara;Gemini;1925-06-08;false
402;Styron;William;Gemini;1925-06-11;false
403;Salinger;Pierre;Gemini;1925-06-14;false
404;Modell;Art;Cancer;1925-06-23;false
405;Evers;Medgar;Cancer;1925-07-02;false
406;Griffin;Merv;Cancer;1925-07-06;false
407;Bumpers;Dale;Leo;1925-08-12;false
408;Peterson;Oscar;Leo;1925-08-15;false
409;Levy;Leon;Virgo;1925-09-13;false
410;King;B B;Virgo;1925-09-16;false
411;Vidal;Gore;Libra;1925-10-03;false
412;Leonard;Elmore;Libra;1925-10-11;false
413;Bruce;Lenny;Libra;1925-10-13;false
414;Thatcher;Margaret H;Libra;1925-10-13;false
415;Lansbury;Angela;Libra;1925-10-16;true
416;Buchwald;Art;Libra;1925-10-20;false
417;Carson;Johnny;Libra;1925-10-23;false
418;Christopher;Warren M;Scorpio;1925-10-27;false
419;Dunne;Dominick;Scorpio;1925-10-29;false
420;Baker;Howard H Jr;Scorpio;1925-11-15;false
421;Hudson;Rock;Scorpio;1925-11-17;false
422;Kennedy;Robert Francis;Scorpio;1925-11-20;false
423;Sulzberger;Arthur Ochs;Aquarius;1926-02-05;false
424;Baldrige;Letitia;Aquarius;1926-02-09;false
425;Greenspan;Alan;Pisces;1926-03-06;true
426;Lewis;Jerry;Pisces;1926-03-16;false
427;Hefner;Hugh;Aries;1926-04-09;false
428;Elizabeth II;Queen of Great Britain;Taurus;1926-04-21;true
429;Davis;Miles;Gemini;1926-05-26;false
430;Monroe;Marilyn;Gemini;1926-06-01;false
431;Ginsberg;Allen;Gemini;1926-06-03;false
432;Brooks;Mel;Cancer;1926-06-28;true
433;Dingell;John D;Cancer;1926-07-08;false
434;Castro;Fidel;Leo;1926-08-13;false
435;Jiang Zemin;;Leo;1926-08-17;true
436;Berry;Chuck;Libra;1926-10-18;false
437;Sutherland;Joan;Scorpio;1926-11-07;false
438;Paterno;Joe;Sagittarius;1926-12-21;false
439;Kitt;Eartha;Capricorn;1927-01-17;false
440;Price;Leontyne;Aquarius;1927-02-10;true
441;Poitier;Sidney;Pisces;1927-02-20;true
442;Belafonte;Harry;Pisces;1927-03-01;true
443;Bork;Robert H;Pisces;1927-03-01;false
444;Moynihan;Daniel Patrick;Pisces;1927-03-16;false
445;Plimpton;George;Pisces;1927-03-18;false
446;Rostropovich;Mstislav;Aries;1927-03-27;false
447;Benedict XVI;;Aries;1927-04-16;true
448;King;Coretta Scott;Taurus;1927-04-27;false
449;Fosse;Bob;Cancer;1927-06-23;false
450;Simon;Neil;Cancer;1927-07-04;false
451;Dinkins;David N;Cancer;1927-07-10;true
452;Masur;Kurt;Cancer;1927-07-18;false
453;Carter;Rosalynn;Leo;1927-08-18;true
454;Gibson;Althea;Virgo;1927-08-25;false
455;Falk;Peter;Virgo;1927-09-16;false
456;Scott;George C;Libra;1927-10-18;false
457;Cook;Barbara;Scorpio;1927-10-25;false
458;Parsons;Estelle;Scorpio;1927-11-20;true
459;Rostenkowski;Dan;Capricorn;1928-01-02;false
460;Mondale;Walter F;Capricorn;1928-01-05;true
461;Prince;Harold;Aquarius;1928-01-30;false
462;Sharon;Ariel;Pisces;1928-02-26;false
463;Ray;James Earl;Pisces;1928-03-10;false
464;Albee;Edward;Pisces;1928-03-12;false
465;Angelou;Maya;Aries;1928-04-04;false
466;Kennedy;Ethel;Aries;1928-04-11;true
467;Mubarak;Hosni;Taurus;1928-05-04;false
468;Sorensen;Theodore C;Taurus;1928-05-08;false
469;Bacharach;Burt;Taurus;1928-05-12;true
470;Pickens;T Boone Jr;Gemini;1928-05-22;false
471;Clooney;Rosemary;Gemini;1928-05-23;false
472;Kevorkian;Jack;Gemini;1928-05-26;false
473;Westheimer;Ruth;Gemini;1928-06-04;true
474;Sendak;Maurice;Gemini;1928-06-10;false
475;Le Pen;Jean-Marie;Gemini;1928-06-20;true
476;Kubrick;Stanley;Leo;1928-07-26;false
477;Warhol;Andy;Leo;1928-08-06;false
478;Wiesel;Elie;Virgo;1928-09-09;false
479;Chomsky;Noam;Sagittarius;1928-12-07;true
480;Dick;Philip K;Sagittarius;1928-12-16;false
481;Feiffer;Jules;Aquarius;1929-01-26;true
482;Schlesinger;James R;Aquarius;1929-02-15;false
483;Gehry;Frank;Pisces;1929-02-28;true
484;Previn;Andre;Aries;1929-04-06;false
485;Hepburn;Audrey;Taurus;1929-05-04;false
486;Conyers;John Jr;Taurus;1929-05-16;false
487;Sills;Beverly;Gemini;1929-05-25;false
488;Frank;Anne;Gemini;1929-06-12;false
489;Arafat;Yasir;Virgo;1929-08-24;false
490;Walters;Barbara;Libra;1929-09-25;true
491;Clark;Dick;Sagittarius;1929-11-30;false
492;Plummer;Christopher;Sagittarius;1929-12-13;true
493;Safire;William;Sagittarius;1929-12-17;false
494;Disney;Roy E;Capricorn;1930-01-10;false
495;Specter;Arlen;Aquarius;1930-02-12;false
496;Cash;Johnny;Pisces;1930-02-26;false
497;Woodward;Joanne;Pisces;1930-02-27;true
498;Sondheim;Stephen;Aries;1930-03-22;true
499;Baker;James A III;Taurus;1930-04-28;true
500;Summerall;Pat;Taurus;1930-05-10;false
501;Eastwood;Clint;Gemini;1930-05-31;true
502;Perot;Ross;Cancer;1930-06-27;false
503;Eagleburger;Lawrence S;Leo;1930-08-01;false
504;Soros;George;Leo;1930-08-12;true
505;Connery;Sean;Virgo;1930-08-25;true
506;Buffett;Warren E;Virgo;1930-08-30;true
507;Rollins;Sonny;Virgo;1930-09-07;true
508;Charles;Ray;Virgo;1930-09-23;false
509;Assad;Hafez Al-;Libra;1930-10-06;false
510;Pinter;Harold;Libra;1930-10-10;false
511;Mobutu Sese Seko;;Libra;1930-10-14;false
512;Godard;Jean-Luc;Sagittarius;1930-12-03;true
513;Duvall;Robert;Capricorn;1931-01-05;true
514;Doctorow;E L;Capricorn;1931-01-06;false
515;Jones;James Earl;Capricorn;1931-01-17;true
516;Torn;Rip;Aquarius;1931-02-06;false
517;Dean;James;Aquarius;1931-02-08;false
518;Bloom;Claire;Aquarius;1931-02-15;true
519;Morrison;Toni;Aquarius;1931-02-18;false
520;Gorbachev;Mikhail S;Pisces;1931-03-02;true
521;Wolfe;Tom;Pisces;1931-03-02;false
522;Rivlin;Alice M;Pisces;1931-03-04;false
523;Murdoch;Rupert;Pisces;1931-03-11;true
524;Shatner;William;Aries;1931-03-22;true
525;Ellsberg;Daniel;Aries;1931-04-07;true
526;Hamilton;Lee H;Aries;1931-04-20;true
527;Mays;Willie;Taurus;1931-05-06;true
528;Mason;Jackie;Gemini;1931-06-09;true
529;Dukakis;Olympia;Gemini;1931-06-20;true
530;Herman;Jerry;Cancer;1931-07-10;false
531;Philbin;Regis;Virgo;1931-08-25;false
532;Simpson;Alan K;Virgo;1931-09-02;true
533;Le Carre;John;Libra;1931-10-19;true
534;Mantle;Mickey;Libra;1931-10-20;false
535;Rather;Dan;Scorpio;1931-10-31;true
536;Nichols;Mike;Scorpio;1931-11-06;false
537;Shuster;Bud;Aquarius;1932-01-23;true
538;Williams;John;Aquarius;1932-02-08;true
539;Kennedy;Edward M;Pisces;1932-02-22;false
540;Taylor;Elizabeth;Pisces;1932-02-27;false
541;Updike;John;Pisces;1932-03-18;false
542;Reynolds;Debbie;Aries;1932-04-01;false
543;May;Elaine;Taurus;1932-04-21;true
544;Domenici;Pete V;Taurus;1932-05-07;false
545;Dunne;John Gregory;Gemini;1932-05-25;false
546;Cuomo;Mario M;Gemini;1932-06-15;false
547;Murtha;John P;Gemini;1932-06-17;false
548;Rumsfeld;Donald H;Cancer;1932-07-09;true
549;Gould;Glenn;Libra;1932-09-25;false
550;Plath;Sylvia;Scorpio;1932-10-27;false
551;Malle;Louis;Scorpio;1932-10-30;false
552;Burstyn;Ellen;Sagittarius;1932-12-07;true
553;Sontag;Susan;Capricorn;1933-01-16;false
554;Rivera;Chita;Aquarius;1933-01-23;true
555;Fayed;Mohamed al-;Aquarius;1933-01-27;true
556;Sarbanes;Paul S;Aquarius;1933-02-03;true
557;Ono;Yoko;Aquarius;1933-02-18;true
558;Caine;Michael;Pisces;1933-03-14;true
559;Jones;Quincy;Pisces;1933-03-14;true
560;Ginsburg;Ruth Bader;Pisces;1933-03-15;true
561;Roth;Philip;Pisces;1933-03-19;false
562;Burnett;Carol;Taurus;1933-04-26;true
563;Nelson;Willie;Taurus;1933-04-29;true
564;Brown;James;Taurus;1933-05-03;false
565;Farrakhan;Louis;Taurus;1933-05-11;true
566;Collins;Joan;Gemini;1933-05-23;true
567;Rivers;Joan;Gemini;1933-06-08;false
568;Bailey;F Lee;Gemini;1933-06-10;true
569;Aiello;Danny;Gemini;1933-06-20;false
570;Feinstein;Dianne;Cancer;1933-06-22;true
571;Abbado;Claudio;Cancer;1933-06-26;false
572;McCullough;David;Cancer;1933-07-07;true
573;Sacks;Oliver;Cancer;1933-07-09;false
574;de la Renta;Oscar;Cancer;1933-07-22;false
575;Rogers;Richard;Leo;1933-07-23;false
576;Falwell;Jerry;Leo;1933-08-11;false
577;Polanski;Roman;Leo;1933-08-18;true
578;Mitchell;George J;Leo;1933-08-20;true
579;Grassley;Charles E;Virgo;1933-09-17;true
580;Dukakis;Michael S;Scorpio;1933-11-03;true
581;King;Larry;Scorpio;1933-11-19;true
582;Horne;Marilyn;Capricorn;1934-01-16;true
583;Aaron;Hank;Aquarius;1934-02-05;true
584;Noriega;Manuel Antonio;Aquarius;1934-02-11;false
585;Nader;Ralph;Pisces;1934-02-27;true
586;Donaldson;Sam;Pisces;1934-03-11;true
587;Hatch;Orrin G;Aries;1934-03-22;true
588;Steinem;Gloria;Aries;1934-03-25;true
589;Arkin;Alan;Aries;1934-03-26;true
590;Goodall;Jane;Aries;1934-04-03;true
591;Halberstam;David;Aries;1934-04-10;false
592;MacLaine;Shirley;Taurus;1934-04-24;true
593;Shelby;Richard C;Taurus;1934-05-06;true
594;Lehrer;Jim;Taurus;1934-05-19;false
595;Moyers;Bill;Gemini;1934-06-05;true
596;Levin;Carl;Cancer;1934-06-28;true
597;Armani;Giorgio;Capricorn;1934-07-11;true
598;Cliburn;Van;Cancer;1934-07-12;false
599;Kuralt;Charles;Virgo;1934-09-10;false
600;Cohen;Leonard;Virgo;1934-09-21;false
601;Bardot;Brigitte;Libra;1934-09-28;true
602;Arnett;Peter;Scorpio;1934-11-13;true
603;Marshall;Garry;Scorpio;1934-11-13;false
604;Inhofe;James M;Scorpio;1934-11-17;true
605;Didion;Joan;Sagittarius;1934-12-05;true
606;Dench;Judi;Sagittarius;1934-12-09;true
607;Smith;Maggie;Capricorn;1934-12-28;true
608;Presley;Elvis;Capricorn;1935-01-08;false
609;Bono;Sonny;Aquarius;1935-02-16;false
610;Freni;Mirella;Pisces;1935-02-27;false
611;Leroy;Warner;Pisces;1935-03-03;false
612;Hirsch;Judd;Pisces;1935-03-15;true
613;Abbas;Mahmoud;Aries;1935-03-26;true
614;Hamill;Pete;Cancer;1935-06-24;false
615;Dalai Lama;;Cancer;1935-07-06;true
616;Kemp;Jack F;Cancer;1935-07-13;false
617;Sutherland;Donald;Cancer;1935-07-17;true
618;Jordan;Vernon E Jr;Leo;1935-08-15;true
619;Paul;Ron;Leo;1935-08-20;true
620;Ferraro;Geraldine A;Virgo;1935-08-26;false
621;Andrews;Julie;Libra;1935-10-01;true
622;Pavarotti;Luciano;Libra;1935-10-12;false
623;Orbach;Jerry;Libra;1935-10-20;false
624;Allen;Woody;Sagittarius;1935-12-01;true
625;Donahue;Phil;Sagittarius;1935-12-21;true
626;Koufax;Sandy;Capricorn;1935-12-30;true
627;Alda;Alan;Aquarius;1936-01-28;true
628;Reynolds;Burt;Aquarius;1936-02-11;false
629;Icahn;Carl C;Aquarius;1936-02-16;true
630;Jordan;Barbara;Pisces;1936-02-21;false
631;Barry;Marion S Jr;Pisces;1936-03-06;false
632;Scalia;Antonin;Pisces;1936-03-11;false
633;de Klerk;F W;Pisces;1936-03-18;true
634;Mehta;Zubin;Taurus;1936-04-29;true
635;Hopper;Dennis;Taurus;1936-05-17;false
636;Abrams;Floyd;Cancer;1936-07-09;true
637;Mikulski;Barbara A;Cancer;1936-07-20;true
638;Kennedy;Anthony M;Leo;1936-07-23;true
639;Dole;Elizabeth;Leo;1936-07-29;true
640;Poindexter;John M;Leo;1936-08-12;true
641;Redford;Robert;Leo;1936-08-18;true
642;Chamberlain;Wilt;Leo;1936-08-21;false
643;McCain;John;Virgo;1936-08-29;false
644;Grove;Andrew S;Virgo;1936-09-02;false
645;Danforth;John C;Virgo;1936-09-05;true
646;Berlusconi;Silvio;Libra;1936-09-29;true
647;Dutoit;Charles;Libra;1936-10-07;true
648;Graham;Bob;Scorpio;1936-11-09;true
649;Cavett;Dick;Scorpio;1936-11-19;true
650;Hart;Gary;Sagittarius;1936-11-28;true
651;Merchant;Ismail;Capricorn;1936-12-25;false
652;Moore;Mary Tyler;Capricorn;1936-12-29;false
653;Redgrave;Vanessa;Aquarius;1937-01-30;true
654;Glass;Philip;Aquarius;1937-01-31;true
655;Beatty;Warren;Aries;1937-03-30;true
656;Hersh;Seymour M;Aries;1937-04-08;true
657;Nicholson;Jack;Taurus;1937-04-22;true
658;Hussein;Saddam;Taurus;1937-04-28;false
659;Carlin;George;Taurus;1937-05-12;false
660;Albright;Madeleine K;Taurus;1937-05-15;true
661;Claybrook;Joan;Gemini;1937-06-12;true
662;Norton;Eleanor Holmes;Gemini;1937-06-13;true
663;Stoppard;Tom;Cancer;1937-07-03;true
664;Hockney;David;Cancer;1937-07-09;true
665;Cosby;Bill;Cancer;1937-07-12;true
666;Thompson;Hunter S;Cancer;1937-07-18;false
667;Hoffman;Dustin;Leo;1937-08-08;true
668;Cochran;Johnnie L Jr;Libra;1937-10-02;false
669;Ross;Wilbur L Jr;Sagittarius;1937-11-28;true
670;Cochran;Thad;Sagittarius;1937-12-07;false
671;Fonda;Jane;Sagittarius;1937-12-21;true
672;Hopkins;Anthony;Capricorn;1937-12-31;true
673;Langella;Frank;Capricorn;1938-01-01;true
674;Juan Carlos I;;Capricorn;1938-01-05;true
675;Blume;Judy;Aquarius;1938-02-12;true
676;Nureyev;Rudolf;Pisces;1938-03-17;false
677;Madoff;Bernard L;Taurus;1938-04-29;true
678;Oates;Joyce Carol;Gemini;1938-06-16;true
679;Burton;Dan;Gemini;1938-06-21;true
680;Babbitt;Bruce;Cancer;1938-06-27;true
681;Panetta;Leon E;Cancer;1938-06-28;true
682;Rigg;Diana;Cancer;1938-07-20;true
683;Reno;Janet;Cancer;1938-07-21;false
684;Deutch;John M;Leo;1938-07-27;true
685;Jennings;Peter;Leo;1938-07-29;false
686;Breyer;Stephen G;Leo;1938-08-15;true
687;Waters;Maxine;Leo;1938-08-15;true
688;Dershowitz;Alan M;Virgo;1938-09-01;true
689;Nunn;Sam;Virgo;1938-09-08;true
690;Heinz Kerry;Teresa;Libra;1938-10-05;true
691;Turner;Ted;Scorpio;1938-11-19;true
692;Du Pont;John E;Scorpio;1938-11-22;false
693;Goss;Porter J;Sagittarius;1938-11-26;true
694;Voight;Jon;Capricorn;1938-12-29;true
695;Bennett;Robert S;Capricorn;1939-01-01;true
696;Lake;Anthony;Aries;1939-04-02;true
697;Coppola;Francis Ford;Aries;1939-04-07;true
698;Ayckbourn;Alan;Aries;1939-04-12;true
699;Collins;Judy;Taurus;1939-05-01;true
700;Keitel;Harvey;Taurus;1939-05-13;true
701;Hoyer;Steny H;Gemini;1939-06-14;true
702;Robb;Charles S;Cancer;1939-06-26;true
703;Ventura;Jesse;Cancer;1939-07-15;true
704;Negroponte;John D;Cancer;1939-07-21;true
705;Bogdanovich;Peter;Leo;1939-07-30;true
706;Tomlin;Lily;Virgo;1939-09-01;true
707;Waxman;Henry A;Virgo;1939-09-12;true
708;Souter;David H;Virgo;1939-09-17;true
709;Lauren;Ralph;Libra;1939-10-14;true
710;Ditka;Mike;Libra;1939-10-18;true
711;Oswald;Lee Harvey;Libra;1939-10-18;false
712;Alexander;Jane;Scorpio;1939-10-28;true
713;Atwood;Margaret;Scorpio;1939-11-18;true
714;Harkin;Tom;Scorpio;1939-11-19;true
715;Turner;Tina;Sagittarius;1939-11-26;true
716;Reid;Harry;Sagittarius;1939-12-02;true
717;Galway;James;Sagittarius;1939-12-08;true
718;Hayden;Tom;Sagittarius;1939-12-11;false
719;Spector;Phil;Capricorn;1939-12-26;true
720;Bearden;Milt;Capricorn;1940-01-01;true
721;Eschenbach;Christoph;Capricorn;1940-01-01;true
722;Qaddafi;Muammar el-;Capricorn;1940-01-01;false
723;Bond;Julian;Capricorn;1940-01-14;false
724;Koppel;Ted;Aquarius;1940-02-08;true
725;Julia;Raul;Pisces;1940-03-09;false
726;Pelosi;Nancy;Aries;1940-03-26;true
727;Leahy;Patrick J;Aries;1940-03-31;true
728;Hancock;Herbie;Aries;1940-04-12;true
729;Pacino;Al;Taurus;1940-04-25;true
730;Brodsky;Joseph;Gemini;1940-05-24;false
731;Alexander;Lamar;Cancer;1940-07-03;true
732;Armey;Dick;Cancer;1940-07-07;true
733;Starr;Ringo;Cancer;1940-07-07;true
734;Stewart;Patrick;Cancer;1940-07-13;true
735;Imus;Don;Leo;1940-07-23;false
736;Sheen;Martin;Leo;1940-08-03;true
737;Cohen;William S;Virgo;1940-08-28;true
738;Brady;James S;Virgo;1940-08-29;false
739;de Palma;Brian;Virgo;1940-09-11;true
740;Olson;Theodore B;Virgo;1940-09-11;true
741;Lennon;John;Libra;1940-10-09;false
742;Pele;;Libra;1940-10-23;true
743;Boxer;Barbara;Scorpio;1940-11-11;true
744;Pryor;Richard;Sagittarius;1940-12-01;false
745;Zappa;Frank;Sagittarius;1940-12-21;false
746;Fauci;Anthony S;Capricorn;1940-12-24;true
747;Baez;Joan;Capricorn;1941-01-09;true
748;Dunaway;Faye;Capricorn;1941-01-14;true
749;Domingo;Placido;Aquarius;1941-01-21;true
750;Diamond;Neil;Aquarius;1941-01-24;true
751;Cheney;Dick;Aquarius;1941-01-30;true
752;Gephardt;Richard A;Aquarius;1941-01-31;true
753;Nolte;Nick;Aquarius;1941-02-08;true
754;Kim Jong Il;;Aquarius;1941-02-16;false
755;Dawkins;Richard;Aries;1941-03-26;true
756;Rose;Pete;Aries;1941-04-14;true
757;Will;George F;Taurus;1941-05-04;true
758;Hoffa;James P;Taurus;1941-05-09;false
759;Brody;Jane E;Taurus;1941-05-19;true
760;Ephron;Nora;Taurus;1941-05-19;false
761;Dylan;Bob;Gemini;1941-05-24;true
762;Ames;Aldrich Hazen;Gemini;1941-05-26;true
763;Gray;Spalding;Gemini;1941-06-05;false
764;Albert;Marv;Gemini;1941-06-12;true
765;Corea;Chick;Gemini;1941-06-12;true
766;Tharp;Twyla;Cancer;1941-07-01;true
767;Stewart;Martha;Leo;1941-08-03;true
768;Garcetti;Gil;Leo;1941-08-05;true
769;Cheney;Lynne V;Leo;1941-08-14;true
770;Ehrenreich;Barbara;Virgo;1941-08-26;true
771;Sanders;Bernard;Virgo;1941-09-08;true
772;Gould;Stephen Jay;Virgo;1941-09-10;false
773;Jackson;Jesse L;Libra;1941-10-08;true
774;Tribe;Laurence H;Libra;1941-10-10;true
775;Simon;Paul;Libra;1941-10-13;true
776;Baucus;Max;Sagittarius;1941-12-11;true
777;Rose;Charlie;Capricorn;1942-01-05;true
778;Hawking;Stephen W;Capricorn;1942-01-08;false
779;Ali;Muhammad;Capricorn;1942-01-17;false
780;Diller;Barry;Aquarius;1942-02-02;true
781;Barak;Ehud;Aquarius;1942-02-12;true
782;Bloomberg;Michael R;Aquarius;1942-02-14;true
783;McConnell;Mitch;Pisces;1942-02-20;true
784;Eisner;Michael D;Pisces;1942-03-07;true
785;Franklin;Aretha;Aries;1942-03-25;false
786;Jong;Erica;Aries;1942-03-26;true
787;Ramey;Samuel;Aries;1942-03-28;true
788;Kelley;Kitty;Aries;1942-04-04;true
789;Levinson;Barry;Aries;1942-04-06;true
790;Streisand;Barbra;Taurus;1942-04-24;true
791;Ashcroft;John;Taurus;1942-05-09;true
792;McCartney;Paul;Gemini;1942-06-18;true
793;Ford;Harrison;Cancer;1942-07-13;true
794;Garcia;Jerry;Leo;1942-08-01;false
795;Allende;Isabel;Leo;1942-08-02;true
796;Keillor;Garrison;Leo;1942-08-07;true
797;Johnson;Betsey;Leo;1942-08-10;true
798;Cleland;Max;Virgo;1942-08-24;true
799;Herzog;Werner;Virgo;1942-09-05;true
800;Chase;Chevy;Virgo;1942-09-10;true
801;Crichton;Michael;Libra;1942-10-23;false
802;Flynt;Larry;Scorpio;1942-11-01;true
803;Barenboim;Daniel;Scorpio;1942-11-15;true
804;Scorsese;Martin;Scorpio;1942-11-17;true
805;Biden;Joseph R Jr;Scorpio;1942-11-20;true
806;Hendrix;Jimi;Sagittarius;1942-11-27;false
807;Davis;Gray;Capricorn;1942-12-26;true
808;Goodwin;Doris Kearns;Capricorn;1943-01-04;true
809;Eizenstat;Stuart E;Capricorn;1943-01-15;true
810;Joplin;Janis;Capricorn;1943-01-19;false
811;Danner;Blythe;Aquarius;1943-02-03;true
812;Leigh;Mike;Pisces;1943-02-20;true
813;Harrison;George;Pisces;1943-02-25;false
814;Redgrave;Lynn;Pisces;1943-03-08;false
815;Fischer;Bobby;Pisces;1943-03-09;false
816;Woodward;Bob;Aries;1943-03-26;true
817;Walken;Christopher;Aries;1943-03-31;true
818;Boudin;Kathy;Taurus;1943-05-19;true
819;Uggams;Leslie;Gemini;1943-05-25;true
820;Namath;Joe;Gemini;1943-05-31;true
821;Gingrich;Newt;Gemini;1943-06-17;true
822;Levine;James;Cancer;1943-06-23;true
823;Rivera;Geraldo;Cancer;1943-07-04;true
824;Ashe;Arthur;Cancer;1943-07-10;false
825;Hutchison;Kay Bailey;Cancer;1943-07-22;true
826;Jagger;Mick;Leo;1943-07-26;true
827;Bradley;Bill;Leo;1943-07-28;true
828;Bennett;William J;Leo;1943-07-31;true
829;Cheever;Susan;Leo;1943-07-31;true
830;De Niro;Robert;Leo;1943-08-17;true
831;Bruckheimer;Jerry;Virgo;1943-09-21;true
832;Gates;Robert M;Libra;1943-09-25;true
833;North;Oliver L;Libra;1943-10-07;true
834;Mitchell;Joni;Scorpio;1943-11-07;true
835;Chambliss;Saxby;Scorpio;1943-11-10;true
836;Shawn;Wallace;Scorpio;1943-11-12;true
837;King;Billie Jean;Scorpio;1943-11-22;true
838;Newman;Randy;Sagittarius;1943-11-28;true
839;Negroponte;Nicholas;Sagittarius;1943-12-01;true
840;Kerry;John;Sagittarius;1943-12-11;true
841;Richards;Keith;Sagittarius;1943-12-18;true
842;Wolfowitz;Paul D;Capricorn;1943-12-22;true
843;Shearer;Harry;Capricorn;1943-12-23;true
844;Roberts;Cokie;Capricorn;1943-12-27;false
845;Denver;John;Capricorn;1943-12-31;false
846;Kingsley;Ben;Capricorn;1943-12-31;true
847;Rendell;Edward G;Capricorn;1944-01-05;true
848;Walker;Alice;Aquarius;1944-02-09;true
849;Channing;Stockard;Aquarius;1944-02-13;true
850;Bernstein;Carl;Aquarius;1944-02-14;true
851;Ross;Diana;Aries;1944-03-26;true
852;King;Angus Jr;Aries;1944-03-31;true
853;Lucas;George;Taurus;1944-05-14;true
854;Dodd;Christopher J;Gemini;1944-05-27;true
855;Giuliani;Rudolph W;Gemini;1944-05-28;true
856;Hamlisch;Marvin;Gemini;1944-06-02;false
857;Ban Ki-moon;;Gemini;1944-06-13;true
858;Mueller;Robert S III;Leo;1944-08-07;true
859;Springer;Jerry;Leo;1944-08-13;true
860;Ellison;Lawrence J;Leo;1944-08-17;true
861;Slatkin;Leonard;Virgo;1944-09-01;true
862;Douglas;Michael;Libra;1944-09-25;true
863;Carville;James;Scorpio;1944-10-25;true
864;Chalabi;Ahmad;Scorpio;1944-10-30;false
865;DeVito;Danny;Scorpio;1944-11-17;true
866;Michaels;Lorne;Scorpio;1944-11-17;true
867;Durbin;Richard J;Scorpio;1944-11-21;true
868;Stein;Ben;Sagittarius;1944-11-25;true
869;Thomas;Michael Tilson;Sagittarius;1944-12-21;true
870;Clark;Wesley K;Capricorn;1944-12-23;true
871;Foster;Vincent W Jr;Capricorn;1945-01-15;false
872;Selleck;Tom;Aquarius;1945-01-29;true
873;Marley;Bob;Aquarius;1945-02-06;false
874;Farrow;Mia;Aquarius;1945-02-09;true
875;Craig;Gregory B;Pisces;1945-03-04;true
876;Clapton;Eric;Aries;1945-03-30;true
877;Wilson;August;Taurus;1945-04-27;false
878;Townshend;Pete;Taurus;1945-05-19;true
879;Pataki;George E;Cancer;1945-06-24;true
880;Simon;Carly;Cancer;1945-06-25;true
881;Paulos;John Allen;Cancer;1945-07-04;true
882;Mirren;Helen;Leo;1945-07-26;true
883;Weld;William F;Leo;1945-07-31;true
884;Martin;Steve;Leo;1945-08-14;true
885;Ridge;Tom;Virgo;1945-08-26;true
886;Perlman;Itzhak;Virgo;1945-08-31;true
887;Norman;Jessye;Virgo;1945-09-15;false
888;Dobbs;Lou;Libra;1945-09-24;true
889;Lithgow;John;Libra;1945-10-19;true
890;Feinberg;Kenneth R;Libra;1945-10-23;true
891;Berger;Samuel R;Scorpio;1945-10-28;false
892;Ortega Saavedra;Daniel;Scorpio;1945-11-11;true
893;Midler;Bette;Sagittarius;1945-12-01;true
894;Sawyer;Diane;Capricorn;1945-12-22;true
895;Jamieson;Kathleen Hall;Capricorn;1946-01-01;true
896;Keaton;Diane;Capricorn;1946-01-05;true
897;Parton;Dolly;Capricorn;1946-01-19;true
898;Lynch;David;Capricorn;1946-01-20;true
899;Webb;James H Jr;Aquarius;1946-02-09;true
900;Hines;Gregory;Aquarius;1946-02-14;false
901;Minnelli;Liza;Pisces;1946-03-12;true
902;Paulson;Henry M Jr;Aries;1946-03-28;true
903;Bergen;Candice;Taurus;1946-05-09;true
904;Cher;;Taurus;1946-05-20;true
905;Trump;Donald J;Gemini;1946-06-14;true
906;Reich;Robert B;Cancer;1946-06-24;true
907;Radner;Gilda;Cancer;1946-06-28;false
908;Silver;Ron;Cancer;1946-07-02;false
909;Milken;Michael R;Cancer;1946-07-04;true
910;Bush;George W;Cancer;1946-07-06;false
911;Stallone;Sylvester;Cancer;1946-07-06;true
912;Markey;Edward J;Cancer;1946-07-11;true
913;Ronstadt;Linda;Cancer;1946-07-15;true
914;Starr;Kenneth W;Cancer;1946-07-21;true
915;Glover;Danny;Cancer;1946-07-22;true
916;Clinton;Bill;Leo;1946-08-19;true
917;Chung;Connie;Leo;1946-08-20;true
918;Jones;Tommy Lee;Virgo;1946-09-15;true
919;Stone;Oliver;Virgo;1946-09-15;true
920;Whitman;Christine Todd;Libra;1946-09-26;true
921;Hagel;Chuck;Libra;1946-10-04;true
922;Sarandon;Susan;Libra;1946-10-04;true
923;Bush;Laura;Scorpio;1946-11-04;true
924;Field;Sally;Scorpio;1946-11-06;true
925;Morris;Dick;Sagittarius;1946-11-28;true
926;Versace;Gianni;Sagittarius;1946-12-02;false
927;Ovitz;Michael;Sagittarius;1946-12-14;true
928;Spielberg;Steven;Sagittarius;1946-12-18;true
929;Perdue;Sonny;Sagittarius;1946-12-20;true
930;Buffett;Jimmy;Capricorn;1946-12-25;true
931;Faithfull;Marianne;Capricorn;1946-12-29;true
932;DeWine;Mike;Capricorn;1947-01-05;true
933;Bowie;David;Capricorn;1947-01-08;false
934;Quayle;Dan;Aquarius;1947-02-04;true
935;Hadley;Stephen J;Aquarius;1947-02-13;true
936;Reiner;Rob;Pisces;1947-03-06;true
937;Romney;Mitt;Pisces;1947-03-12;true
938;Close;Glenn;Pisces;1947-03-19;true
939;John;Elton;Aries;1947-03-25;true
940;Harris;Emmylou;Aries;1947-04-02;true
941;Delay;Tom;Aries;1947-04-08;true
942;Letterman;David;Aries;1947-04-12;true
943;Abdul-Jabbar;Kareem;Aries;1947-04-16;true
944;Card;Andrew H Jr;Taurus;1947-05-10;true
945;Nadler;Jerrold;Gemini;1947-06-13;true
946;Chavez;Linda;Gemini;1947-06-17;true
947;Rushdie;Salman;Gemini;1947-06-19;true
948;Goodman;John;Gemini;1947-06-20;true
949;David;Larry;Cancer;1947-07-02;true
950;Barry;Dave;Cancer;1947-07-03;true
951;Buckley;Betty;Cancer;1947-07-03;true
952;Simpson;O J;Cancer;1947-07-09;true
953;Guthrie;Arlo;Cancer;1947-07-10;true
954;Brooks;Albert;Cancer;1947-07-22;true
955;Ebersol;Dick;Leo;1947-07-28;true
956;Schwarzenegger;Arnold;Leo;1947-07-30;true
957;King;Stephen;Virgo;1947-09-21;true
958;Barbour;Haley;Libra;1947-10-22;true
959;Kline;Kevin;Scorpio;1947-10-24;true
960;Clinton;Hillary Rodham;Scorpio;1947-10-26;true
961;Dreyfuss;Richard;Scorpio;1947-10-29;true
962;Magaziner;Ira C;Scorpio;1947-11-08;true
963;Mantegna;Joe;Scorpio;1947-11-13;true
964;Richardson;Bill;Scorpio;1947-11-15;true
965;Daschle;Tom;Sagittarius;1947-12-09;true
966;Danson;Ted;Capricorn;1947-12-29;true
967;Baryshnikov;Mikhail;Aquarius;1948-01-27;true
968;Morris;Errol;Aquarius;1948-02-05;true
969;Peters;Bernadette;Pisces;1948-02-28;true
970;Taylor;James;Pisces;1948-03-12;true
971;Coburn;Tom;Pisces;1948-03-14;false
972;Crystal;Billy;Pisces;1948-03-14;true
973;Lloyd Webber;Andrew;Aries;1948-03-22;true
974;Wiest;Dianne;Aries;1948-03-28;true
975;Gore;Al;Aries;1948-03-31;true
976;Sebelius;Kathleen;Taurus;1948-05-15;true
977;Thomas;Clarence;Cancer;1948-06-23;true
978;Bates;Kathy;Cancer;1948-06-28;true
979;Zukerman;Pinchas;Cancer;1948-07-16;true
980;Trudeau;Garry;Cancer;1948-07-21;true
981;Daley;William M;Leo;1948-08-09;true
982;Battle;Kathleen;Leo;1948-08-13;true
983;Gore;Tipper;Leo;1948-08-19;true
984;Gumbel;Bryant;Libra;1948-09-29;true
985;Mfume;Kweisi;Scorpio;1948-10-24;true
986;LaPierre;Wayne;Scorpio;1948-11-08;true
987;Dean;Howard;Scorpio;1948-11-17;true
988;Bolton;John R;Scorpio;1948-11-20;true
989;Ross;Dennis B;Sagittarius;1948-11-26;true
990;Osbourne;Ozzy;Sagittarius;1948-12-03;true
991;Nickles;Don;Sagittarius;1948-12-06;true
992;Depardieu;Gerard;Capricorn;1948-12-27;true
993;Podesta;John D;Capricorn;1949-01-08;true
994;Foreman;George;Capricorn;1949-01-10;true
995;Chernow;Ron;Pisces;1949-03-03;true
996;Macy;William H;Pisces;1949-03-13;true
997;Turow;Scott;Aries;1949-04-12;true
998;Hitchens;Christopher;Aries;1949-04-13;false
999;Lange;Jessica;Aries;1949-04-20;true
1000;Joel;Billy;Taurus;1949-05-09;true
1001;Ax;Emanuel;Gemini;1949-06-08;true
1002;Streep;Meryl;Cancer;1949-06-22;true
1003;Carter;Graydon;Cancer;1949-07-14;true
1004;Menken;Alan;Cancer;1949-07-22;true
1005;Fallows;James;Leo;1949-08-02;true
1006;Hutchinson;Tim;Leo;1949-08-11;true
1007;Gere;Richard;Virgo;1949-08-31;true
1008;Scheck;Barry;Virgo;1949-09-19;true
1009;Springsteen;Bruce;Virgo;1949-09-23;true
1010;Almodovar;Pedro;Libra;1949-09-25;true
1011;Leibovitz;Annie;Libra;1949-10-02;true
1012;Moonves;Leslie;Libra;1949-10-06;true
1013;Weaver;Sigourney;Libra;1949-10-08;true
1014;Netanyahu;Benjamin;Libra;1949-10-21;true
1015;Wintour;Anna;Scorpio;1949-11-03;true
1016;Raitt;Bonnie;Scorpio;1949-11-08;true
1017;Tripp;Linda R;Sagittarius;1949-11-24;false
1018;Shandling;Garry;Sagittarius;1949-11-29;false
1019;Bridges;Jeff;Sagittarius;1949-12-04;true
1020;Johnson;Don;Sagittarius;1949-12-15;true
1021;Spacek;Sissy;Capricorn;1949-12-25;true
1022;Prince;Charles O III;Capricorn;1950-01-13;true
1023;Flowers;Gennifer;Aquarius;1950-01-24;true
1024;Spitz;Mark;Aquarius;1950-02-10;true
1025;Hanover;Donna;Aquarius;1950-02-13;true
1026;Hurt;William;Pisces;1950-03-20;true
1027;Short;Martin;Aries;1950-03-26;true
1028;Alito;Samuel A Jr;Aries;1950-04-01;true
1029;Guinier;Lani;Aries;1950-04-19;true
1030;Leno;Jay;Taurus;1950-04-28;true
1031;Russert;Tim;Taurus;1950-05-07;false
1032;Wonder;Stevie;Taurus;1950-05-13;true
1033;Duke;David E;Cancer;1950-07-01;true
1034;Huffington;Arianna;Cancer;1950-07-15;true
1035;Branson;Richard;Cancer;1950-07-18;true
1036;Keyes;Alan;Leo;1950-08-07;true
1037;Noonan;Peggy;Virgo;1950-09-07;true
1038;Gates;Henry Louis Jr;Virgo;1950-09-16;true
1039;Smith;Anna Deavere;Virgo;1950-09-18;true
1040;Murray;Bill;Virgo;1950-09-21;true
1041;Murray;Patty;Libra;1950-10-11;true
1042;Clarke;Richard A;Scorpio;1950-10-27;true
1043;Harris;Ed;Sagittarius;1950-11-28;true
1044;Hutchinson;Asa;Sagittarius;1950-12-03;true
1045;Katzenberg;Jeffrey;Sagittarius;1950-12-21;true
1046;Rove;Karl;Capricorn;1950-12-25;true
1047;Collins;Phil;Aquarius;1951-01-30;true
1048;Kinsley;Michael;Pisces;1951-03-09;true
1049;Hilfiger;Tommy;Aries;1951-03-24;true
1050;Franken;Al;Gemini;1951-05-21;true
1051;Townsend;Kathleen Kennedy;Cancer;1951-07-04;true
1052;Rush;Geoffrey;Cancer;1951-07-06;true
1053;Huston;Anjelica;Cancer;1951-07-08;true
1054;Dyson;Esther;Cancer;1951-07-14;true
1055;Williams;Robin;Cancer;1951-07-21;false
1056;Mellencamp;John;Libra;1951-10-07;true
1057;Stewart;James B;Capricorn;1952-01-01;true
1058;Dowd;Maureen;Capricorn;1952-01-14;true
1059;Cornyn;John;Aquarius;1952-02-02;true
1060;Fuhrman;Mark;Aquarius;1952-02-05;true
1061;Tan;Amy;Pisces;1952-02-19;true
1062;Frist;Bill;Pisces;1952-02-22;true
1063;Weinstein;Harvey;Pisces;1952-03-19;true
1064;Isaacson;Walter;Pisces;1952-03-20;true
1065;Costas;Bob;Aries;1952-03-22;true
1066;Seagal;Steven;Aries;1952-04-10;true
1067;Belichick;Bill;Aries;1952-04-16;true
1068;Baranski;Christine;Taurus;1952-05-02;true
1069;Fierstein;Harvey;Gemini;1952-06-06;true
1070;Rossellini;Isabella;Gemini;1952-06-18;true
1071;Graham;Franklin;Cancer;1952-07-14;true
1072;van Sant;Gus;Leo;1952-07-24;true
1073;Connors;Jimmy;Virgo;1952-09-02;true
1074;Reeve;Christopher;Libra;1952-09-25;false
1075;Putin;Vladimir V;Libra;1952-10-07;true
1076;Benigni;Roberto;Scorpio;1952-10-27;true
1077;Petraeus;David H;Scorpio;1952-11-07;true
1078;Patinkin;Mandy;Sagittarius;1952-11-30;true
1079;Levy;Harold O;Sagittarius;1952-12-14;true
1080;Taymor;Julie;Sagittarius;1952-12-15;true
1081;Kristol;William;Capricorn;1952-12-23;true
1082;Gelb;Peter;Capricorn;1953-01-01;true
1083;Tenet;George J;Capricorn;1953-01-05;true
1084;Allen;Paul;Aquarius;1953-01-21;false
1085;Jarmusch;Jim;Aquarius;1953-01-22;true
1086;Steenburgen;Mary;Aquarius;1953-02-08;true
1087;Bush;Jeb;Aquarius;1953-02-11;true
1088;Ebersole;Christine;Pisces;1953-02-21;true
1089;Krugman;Paul;Pisces;1953-02-28;true
1090;Feingold;Russell D;Pisces;1953-03-02;false
1091;Chafee;Lincoln;Aries;1953-03-26;true
1092;Chao;Elaine L;Aries;1953-03-26;true
1093;Blair;Tony;Taurus;1953-05-06;true
1094;Brosnan;Pierce;Taurus;1953-05-16;true
1095;West;Cornel;Gemini;1953-06-02;true
1096;Edwards;John;Gemini;1953-06-10;true
1097;Allen;Tim;Gemini;1953-06-13;true
1098;Bhutto;Benazir;Gemini;1953-06-21;false
1099;Lauper;Cyndi;Cancer;1953-06-22;true
1100;Friedman;Thomas L;Cancer;1953-07-20;true
1101;Burns;Ken;Leo;1953-07-29;true
1102;Gifford;Kathie Lee;Leo;1953-08-16;true
1103;Hernandez;Keith;Libra;1953-10-20;true
1104;Miller;Dennis;Scorpio;1953-11-03;true
1105;Brown;Tina;Scorpio;1953-11-21;true
1106;Chertoff;Michael;Sagittarius;1953-11-28;true
1107;Basinger;Kim;Sagittarius;1953-12-08;true
1108;Malkovich;John;Sagittarius;1953-12-09;true
1109;Bernanke;Ben S;Sagittarius;1953-12-13;true
1110;Menendez;Robert;Capricorn;1954-01-01;true
1111;Stern;Howard;Capricorn;1954-01-12;true
1112;Winfrey;Oprah;Aquarius;1954-01-29;true
1113;Travolta;John;Aquarius;1954-02-18;true
1114;Erdogan;Recep Tayyip;Pisces;1954-02-26;true
1115;Howard;Ron;Pisces;1954-03-01;true
1116;Abramson;Jill;Pisces;1954-03-19;true
1117;Chan;Jackie;Aries;1954-04-07;true
1118;Quaid;Dennis;Aries;1954-04-09;true
1119;Krakauer;Jon;Aries;1954-04-12;true
1120;Moore;Michael;Taurus;1954-04-23;true
1121;Seinfeld;Jerry;Taurus;1954-04-29;true
1122;Campion;Jane;Taurus;1954-04-30;true
1123;McCain;Cindy;Taurus;1954-05-20;true
1124;Erdrich;Louise;Gemini;1954-06-07;true
1125;Turner;Kathleen;Gemini;1954-06-19;true
1126;Sotomayor;Sonia;Cancer;1954-06-25;true
1127;Merkel;Angela;Cancer;1954-07-17;true
1128;Payton;Walter;Leo;1954-07-25;false
1129;McChrystal;Stanley A;Leo;1954-08-14;true
1130;Cameron;James;Leo;1954-08-16;true
1131;Roker;Al;Leo;1954-08-20;true
1132;Costello;Elvis;Virgo;1954-08-25;true
1133;Fiorina;Carleton S;Virgo;1954-09-06;true
1134;Lee;Ang;Libra;1954-10-23;true
1135;Rice;Condoleezza;Scorpio;1954-11-14;true
1136;Summers;Lawrence H;Sagittarius;1954-11-30;true
1137;Warner;Mark R;Sagittarius;1954-12-15;true
1138;Evert;Chris;Sagittarius;1954-12-21;true
1139;Washington;Denzel;Capricorn;1954-12-28;true
1140;Costner;Kevin;Capricorn;1955-01-18;true
1141;Bush;Neil;Aquarius;1955-01-22;true
1142;Roberts;John G Jr;Aquarius;1955-01-27;true
1143;Pollan;Michael;Aquarius;1955-02-06;true
1144;Grisham;John;Aquarius;1955-02-08;true
1145;Cramer;James J;Aquarius;1955-02-10;true
1146;Daniels;Jeff;Pisces;1955-02-19;true
1147;Grammer;Kelsey;Pisces;1955-02-21;true
1148;Axelrod;David;Pisces;1955-02-22;true
1149;Jobs;Steven P;Pisces;1955-02-24;false
1150;Sinise;Gary;Pisces;1955-03-17;true
1151;Willis;Bruce;Pisces;1955-03-19;true
1152;von Otter;Anne Sofie;Taurus;1955-05-09;true
1153;Graham;Lindsey;Cancer;1955-07-09;true
1154;Smits;Jimmy;Cancer;1955-07-09;true
1155;Dafoe;Willem;Cancer;1955-07-22;true
1156;Cohen;Roger;Leo;1955-08-02;true
1157;Gonzales;Alberto R;Leo;1955-08-04;true
1158;Thornton;Billy Bob;Leo;1955-08-04;true
1159;Gerberding;Julie L;Leo;1955-08-22;true
1160;Huckabee;Mike;Virgo;1955-08-24;true
1161;Ifill;Gwen;Libra;1955-09-29;false
1162;Ma;Yo-Yo;Libra;1955-10-07;true
1163;Gates;Bill;Scorpio;1955-10-28;true
1164;Goldberg;Whoopi;Scorpio;1955-11-13;true
1165;Bayh;Evan;Capricorn;1955-12-26;true
1166;Gibson;Mel;Capricorn;1956-01-03;true
1167;Heppner;Ben;Capricorn;1956-01-14;true
1168;Maher;Bill;Capricorn;1956-01-20;true
1169;Lane;Nathan;Aquarius;1956-02-03;true
1170;Hall;Arsenio;Aquarius;1956-02-12;true
1171;Dimon;James;Pisces;1956-03-13;true
1172;Ballmer;Steven A;Aries;1956-03-24;true
1173;Leonard;Sugar Ray;Taurus;1956-05-17;true
1174;Montana;Joe;Gemini;1956-06-11;true
1175;Hanks;Tom;Cancer;1956-07-09;true
1176;Hill;Anita;Leo;1956-07-30;true
1177;Zambello;Francesca;Virgo;1956-08-24;true
1178;Brownback;Sam;Virgo;1956-09-12;true
1179;Alsop;Marin;Libra;1956-10-16;true
1180;Navratilova;Martina;Libra;1956-10-18;true
1181;Boyle;Danny;Libra;1956-10-20;true
1182;Fisher;Carrie;Libra;1956-10-21;false
1183;Bird;Larry;Sagittarius;1956-12-07;true
1184;Blagojevich;Rod R;Sagittarius;1956-12-10;true
1185;Sedaris;David;Capricorn;1956-12-26;true
1186;McAuliffe;Terry;Aquarius;1957-02-09;true
1187;Bin Laden;Osama;Pisces;1957-03-10;false
1188;Lee;Spike;Pisces;1957-03-20;true
1189;Day-Lewis;Daniel;Taurus;1957-04-22;true
1190;Griffith;Melanie;Leo;1957-08-09;true
1191;Leary;Denis;Leo;1957-08-18;true
1192;Fry;Stephen;Virgo;1957-08-24;true
1193;Estefan;Gloria;Virgo;1957-09-01;true
1194;Simmons;Russell;Libra;1957-10-04;true
1195;Lovett;Lyle;Scorpio;1957-11-01;true
1196;Deutsch;Donny;Scorpio;1957-11-22;true
1197;Napolitano;Janet;Sagittarius;1957-11-29;true
1198;Cuomo;Andrew M;Sagittarius;1957-12-06;true
1199;Buscemi;Steve;Sagittarius;1957-12-13;true
1200;Amanpour;Christiane;Capricorn;1958-01-12;true
1201;DeGeneres;Ellen;Aquarius;1958-01-26;true
1202;Abramoff;Jack;Pisces;1958-02-28;true
1203;Stone;Sharon;Pisces;1958-03-10;true
1204;Hunter;Holly;Pisces;1958-03-20;true
1205;Molinari;Susan;Aries;1958-03-27;true
1206;Baldwin;Alec;Aries;1958-04-03;true
1207;Pfeiffer;Michelle;Taurus;1958-04-29;true
1208;Santorum;Rick;Taurus;1958-05-10;true
1209;Bening;Annette;Gemini;1958-05-29;true
1210;Boggs;Wade;Gemini;1958-06-15;true
1211;Bacon;Kevin;Cancer;1958-07-08;true
1212;Cuban;Mark;Leo;1958-07-31;true
1213;Case;Stephen M;Leo;1958-08-21;true
1214;Burton;Tim;Virgo;1958-08-25;true
1215;Jackson;Michael;Virgo;1958-08-29;false
1216;Bocelli;Andrea;Virgo;1958-09-22;true
1217;Robbins;Tim;Libra;1958-10-16;true
1218;Remnick;David;Scorpio;1958-10-29;true
1219;Curtis;Jamie Lee;Scorpio;1958-11-22;true
1220;Mitchell;Elvis;Sagittarius;1958-12-06;true
1221;Neuwirth;Bebe;Capricorn;1958-12-31;true
1222;Olbermann;Keith;Aquarius;1959-01-27;true
1223;Fleming;Renee;Aquarius;1959-02-14;true
1224;McEnroe;John;Aquarius;1959-02-16;true
1225;Goodell;Roger;Pisces;1959-02-19;true
1226;Pierce;David Hyde;Aries;1959-04-03;true
1227;Thompson;Emma;Aries;1959-04-15;true
1228;Simpson;Nicole Brown;Taurus;1959-05-19;false
1229;Spitzer;Eliot L;Gemini;1959-06-10;true
1230;Vega;Suzanne;Cancer;1959-07-11;true
1231;Spacey;Kevin;Leo;1959-07-26;true
1232;Kors;Michael;Leo;1959-08-09;true
1233;Harden;Marcia Gay;Leo;1959-08-14;true
1234;Johnson;Earvin;Leo;1959-08-14;true
1235;Alexander;Jason;Virgo;1959-09-23;true
1236;Lin;Maya;Libra;1959-10-05;true
1237;Cowell;Simon;Libra;1959-10-07;true
1238;Emanuel;Rahm;Sagittarius;1959-11-29;true
1239;Bono;;Taurus;1960-05-10;true
1240;Sanford;Mark;Gemini;1960-05-28;true
1241;Frum;David;Cancer;1960-06-30;true
1242;Burnett;Mark;Cancer;1960-07-17;true
1243;Upshaw;Dawn;Cancer;1960-07-17;true
1244;Voigt;Deborah;Leo;1960-08-04;true
1245;Duchovny;David;Leo;1960-08-07;true
1246;Banderas;Antonio;Leo;1960-08-10;true
1247;Packer;George;Leo;1960-08-13;true
1248;Penn;Sean;Leo;1960-08-17;true
1249;Marsalis;Branford;Virgo;1960-08-26;true
1250;Grant;Hugh;Virgo;1960-09-09;true
1251;Firth;Colin;Virgo;1960-09-10;true
1252;Fleischer;Ari;Libra;1960-10-13;true
1253;Marshall;Rob;Libra;1960-10-17;true
1254;Swinton;Tilda;Scorpio;1960-11-05;true
1255;Tucci;Stanley;Scorpio;1960-11-11;true
1256;Pawlenty;Tim;Sagittarius;1960-11-27;true
1257;Moore;Julianne;Sagittarius;1960-12-03;true
1258;Branagh;Kenneth;Sagittarius;1960-12-10;true
1259;Brinkley;Douglas;Sagittarius;1960-12-14;true
1260;Comey;James B;Sagittarius;1960-12-14;true
1261;Salerno-Sonnenberg;Nadja;Capricorn;1961-01-10;true
1262;Gretzky;Wayne;Aquarius;1961-01-26;true
1263;Stephanopoulos;George;Aquarius;1961-02-10;true
1264;Murphy;Eddie;Aries;1961-04-03;true
1265;Clooney;George;Taurus;1961-05-06;true
1266;de Blasio;Bill;Taurus;1961-05-08;true
1267;Begala;Paul;Taurus;1961-05-12;true
1268;Rodman;Dennis;Taurus;1961-05-13;true
1269;Fox;Michael J;Gemini;1961-06-09;true
1270;Sorkin;Aaron;Gemini;1961-06-09;true
1271;Harrelson;Woody;Leo;1961-07-23;true
1272;Obama;Barack;Leo;1961-08-04;true
1273;Ford;Tom;Virgo;1961-08-27;true
1274;Gandolfini;James;Virgo;1961-09-18;false
1275;Marsalis;Wynton;Libra;1961-10-18;true
1276;Lang;K D;Scorpio;1961-11-02;true
1277;Ryan;Meg;Scorpio;1961-11-19;true
1278;Cuaron;Alfonso;Sagittarius;1961-11-28;true
1279;Carrey;Jim;Capricorn;1962-01-17;true
1280;Junger;Sebastian;Capricorn;1962-01-17;true
1281;Abdullah II;King of Jordan;Aquarius;1962-01-30;true
1282;Leigh;Jennifer Jason;Aquarius;1962-02-05;true
1283;Brooks;Garth;Aquarius;1962-02-07;true
1284;Crow;Sheryl;Aquarius;1962-02-11;true
1285;Wallace;David Foster;Pisces;1962-02-21;false
1286;Bon Jovi;Jon;Pisces;1962-03-02;true
1287;Joyner-Kersee;Jackie;Pisces;1962-03-03;true
1288;Strawberry;Darryl;Pisces;1962-03-12;true
1289;Broderick;Matthew;Aries;1962-03-21;true
1290;Cruise;Tom;Cancer;1962-07-03;true
1291;Chavez;Julio Cesar;Cancer;1962-07-12;true
1292;Clemens;Roger;Leo;1962-08-04;true
1293;Ewing;Patrick;Leo;1962-08-05;true
1294;Carell;Steve;Leo;1962-08-16;true
1295;Calderon;Felipe;Leo;1962-08-18;true
1296;Hvorostovsky;Dmitri;Libra;1962-10-16;false
1297;Moore;Demi;Scorpio;1962-11-11;true
1298;Foster;Jodie;Scorpio;1962-11-19;true
1299;Stewart;Jon;Sagittarius;1962-11-28;true
1300;Fiennes;Ralph;Capricorn;1962-12-22;true
1301;Spade;Kate;Capricorn;1962-12-24;false
1302;Soderbergh;Steven;Capricorn;1963-01-14;true
1303;Jordan;Michael;Aquarius;1963-02-17;true
1304;Barkley;Charles;Pisces;1963-02-20;true
1305;Baldwin;William;Pisces;1963-02-21;true
1306;Tarantino;Quentin;Aries;1963-03-27;true
1307;Kasparov;Garry;Aries;1963-04-13;true
1308;Richardson;Natasha;Taurus;1963-05-11;false
1309;Alagna;Roberto;Gemini;1963-06-07;true
1310;Depp;Johnny;Gemini;1963-06-09;true
1311;Hunt;Helen;Gemini;1963-06-15;true
1312;Khodorkovsky;Mikhail B;Cancer;1963-06-26;true
1313;Falco;Edie;Cancer;1963-07-05;true
1314;Houston;Whitney;Leo;1963-08-09;false
1315;Sullivan;Andrew;Leo;1963-08-10;true
1316;Plame;Valerie;Leo;1963-08-13;true
1317;McGwire;Mark;Libra;1963-10-01;true
1318;Pearl;Daniel;Libra;1963-10-10;false
1319;Pitt;Brad;Sagittarius;1963-12-18;true
1320;Cage;Nicolas;Capricorn;1964-01-07;true
1321;Bezos;Jeffrey P;Capricorn;1964-01-12;true
1322;Obama;Michelle;Capricorn;1964-01-17;true
1323;Linney;Laura;Aquarius;1964-02-05;true
1324;Palin;Sarah;Aquarius;1964-02-11;true
1325;Binoche;Juliette;Pisces;1964-03-09;true
1326;Ferguson;Niall;Aries;1964-04-18;true
1327;Colbert;Stephen;Taurus;1964-05-13;true
1328;Canseco;Jose;Cancer;1964-07-02;true
1329;Love;Courtney;Cancer;1964-07-09;true
1330;Bullock;Sandra;Leo;1964-07-26;true
1331;Parker;Mary-Louise;Leo;1964-08-02;true
1332;Gates;Melinda;Leo;1964-08-15;true
1333;Reeves;Keanu;Virgo;1964-09-02;true
1334;Weiner;Anthony D;Virgo;1964-09-04;true
1335;Perez;Rosie;Virgo;1964-09-06;true
1336;Sununu;John E;Virgo;1964-09-10;true
1337;Bruni;Frank;Scorpio;1964-10-31;true
1338;Duncan;Arne;Scorpio;1964-11-06;true
1339;Krall;Diana;Scorpio;1964-11-16;true
1340;Cheadle;Don;Sagittarius;1964-11-29;true
1341;Hamilton;Darryl;Sagittarius;1964-12-03;false
1342;Tomei;Marisa;Sagittarius;1964-12-04;true
1343;Cumming;Alan;Aquarius;1965-01-27;true
1344;Rock;Chris;Aquarius;1965-02-07;true
1345;Dell;Michael S;Pisces;1965-02-23;true
1346;Parker;Sarah Jessica;Aries;1965-03-25;true
1347;King;Rodney Glen;Aries;1965-04-02;false
1348;Lawrence;Martin;Aries;1965-04-16;true
1349;Reilly;John C;Gemini;1965-05-24;true
1350;Shields;Brooke;Gemini;1965-05-31;true
1351;Rowling;J K;Leo;1965-07-31;true
1352;Mendes;Sam;Leo;1965-08-01;true
1353;Twain;Shania;Virgo;1965-08-28;true
1354;Gheorghiu;Angela;Virgo;1965-09-07;true
1355;Moby;;Virgo;1965-09-11;true
1356;Pippen;Scottie;Libra;1965-09-25;true
1357;Rockwell;Sam;Scorpio;1965-11-05;true
1358;Terfel;Bryn;Scorpio;1965-11-09;true
1359;Stiller;Ben;Sagittarius;1965-11-30;true
1360;Kennedy;Carolyn Bessette;Capricorn;1966-01-07;false
1361;Nixon;Cynthia;Aries;1966-04-09;true
1362;Jackson;Janet;Taurus;1966-05-16;true
1363;Bartoli;Cecilia;Gemini;1966-06-04;true
1364;Cusack;John;Cancer;1966-06-28;true
1365;Tyson;Mike;Cancer;1966-06-30;true
1366;Scott;A O;Cancer;1966-07-10;true
1367;Berry;Halle;Leo;1966-08-14;true
1368;Sandler;Adam;Virgo;1966-09-09;true
1369;Cameron;David;Libra;1966-10-09;true
1370;Drudge;Matt;Scorpio;1966-10-27;true
1371;Gillibrand;Kirsten E;Sagittarius;1966-12-09;true
1372;Sutherland;Kiefer;Sagittarius;1966-12-21;true
1373;Kelly;R;Capricorn;1967-01-08;true
1374;Del Toro;Benicio;Pisces;1967-02-19;true
1375;Cobain;Kurt;Pisces;1967-02-20;false
1376;Kidman;Nicole;Gemini;1967-06-20;true
1377;Ferrell;Will;Cancer;1967-07-16;true
1378;Hoffman;Philip Seymour;Leo;1967-07-23;false
1379;Sanders;Deion;Leo;1967-08-09;true
1380;Roberts;Julia;Scorpio;1967-10-28;true
1381;Kimmel;Jimmy;Scorpio;1967-11-13;true
1382;Smith;Anna Nicole;Sagittarius;1967-11-28;false
1383;Apatow;Judd;Sagittarius;1967-12-06;true
1384;Bell;Joshua;Sagittarius;1967-12-09;true
1385;Foxx;Jamie;Sagittarius;1967-12-13;true
1386;Burns;Edward;Aquarius;1968-01-29;true
1387;Dion;Celine;Aries;1968-03-30;true
1388;Judd;Ashley;Aries;1968-04-19;true
1389;Mcveigh;Timothy James;Taurus;1968-04-23;false
1390;Chenoweth;Kristin;Leo;1968-07-24;true
1391;Smith;Will;Libra;1968-09-25;true
1392;Jackman;Hugh;Libra;1968-10-12;true
1393;Posey;Parker;Scorpio;1968-11-08;true
1394;Aniston;Jennifer;Aquarius;1969-02-11;true
1395;Bardem;Javier;Pisces;1969-03-01;true
1396;Carey;Mariah;Aries;1969-03-27;true
1397;Rudd;Paul;Aries;1969-04-06;true
1398;Zellweger;Renee;Taurus;1969-04-25;true
1399;Anderson;Wes;Taurus;1969-05-01;true
1400;Blanchett;Cate;Taurus;1969-05-14;true
1401;Carlson;Tucker;Taurus;1969-05-16;true
1402;Heche;Anne;Gemini;1969-05-25;true
1403;Slater;Christian;Leo;1969-08-18;true
1404;Boot;Max;Virgo;1969-09-12;true
1405;Zeta-Jones;Catherine;Libra;1969-09-25;true
1406;Favre;Brett;Libra;1969-10-10;true
1407;Kerrigan;Nancy;Libra;1969-10-13;true
1408;McConaughey;Matthew;Scorpio;1969-11-04;true
1409;Jay-Z;;Sagittarius;1969-12-04;true
1410;Queen Latifah;;Pisces;1970-03-18;true
1411;Agassi;Andre;Taurus;1970-04-29;true
1412;Thurman;Uma;Taurus;1970-04-29;true
1413;Fey;Tina;Taurus;1970-05-18;true
1414;Brown;Jason Robert;Gemini;1970-06-20;true
1415;Shyamalan;M Night;Leo;1970-08-06;true
1416;Power;Samantha;Virgo;1970-09-21;true
1417;Damon;Matt;Libra;1970-10-08;true
1418;Hawke;Ethan;Scorpio;1970-11-06;true
1419;Harding;Tonya;Scorpio;1970-11-12;true
1420;Silverman;Sarah;Sagittarius;1970-12-01;true
1421;Blige;Mary J;Capricorn;1971-01-11;true
1422;Coppola;Sofia;Taurus;1971-05-14;true
1423;Menzel;Idina;Gemini;1971-05-30;true
1424;Jindal;Bobby;Gemini;1971-06-10;true
1425;Shakur;Tupac;Gemini;1971-06-16;false
1426;Armstrong;Lance;Virgo;1971-09-18;true
1427;Ryder;Winona;Scorpio;1971-10-29;true
1428;Martin;Ricky;Capricorn;1971-12-24;true
1429;Affleck;Ben;Leo;1972-08-15;true
1430;Diaz;Cameron;Virgo;1972-08-30;true
1431;Paltrow;Gwyneth;Libra;1972-09-27;true
1432;Eminem;;Libra;1972-10-17;true
1433;Osgood;Chris;Sagittarius;1972-11-26;true
1434;Law;Jude;Capricorn;1972-12-29;true
1435;de La Hoya;Oscar;Aquarius;1973-02-04;true
1436;Page;Larry;Aries;1973-03-26;true
1437;Brody;Adrien;Aries;1973-04-14;true
1438;Wainwright;Rufus;Cancer;1973-07-22;true
1439;Lewinsky;Monica S;Leo;1973-07-23;true
1440;Beckinsale;Kate;Leo;1973-07-26;true
1441;Brin;Sergey;Leo;1973-08-21;true
1442;Bale;Christian;Aquarius;1974-01-30;true
1443;Barrymore;Drew;Pisces;1974-02-22;true
1444;Cruz;Penelope;Taurus;1974-04-28;true
1445;Morissette;Alanis;Gemini;1974-06-01;true
1446;Jeter;Derek;Cancer;1974-06-26;true
1447;Swank;Hilary;Cancer;1974-07-12;true
1448;Phoenix;Joaquin;Scorpio;1974-10-28;true
1449;DiCaprio;Leonardo;Scorpio;1974-11-11;true
1450;Beckham;David;Taurus;1975-05-02;true
1451;Jolie;Angelina;Gemini;1975-06-04;true
1452;Rodriguez;Alex;Leo;1975-07-27;true
1453;Theron;Charlize;Leo;1975-08-07;true
1454;Winslet;Kate;Libra;1975-10-05;true
1455;Woods;Tiger;Capricorn;1975-12-30;true
1456;Manning;Peyton;Aries;1976-03-24;true
1457;Farrell;Colin;Gemini;1976-05-31;true
1458;Shepard;Matthew;Sagittarius;1976-12-01;false
1459;Sorkin;Andrew Ross;Pisces;1977-02-19;true
1460;West;Kanye;Gemini;1977-06-08;true
1461;Brady;Tom;Leo;1977-08-03;true
1462;Gyllenhaal;Maggie;Scorpio;1977-11-16;true
1463;Bryant;Kobe;Virgo;1978-08-23;false
1464;Shepard;Sam;Capricorn;1979-01-16;false
1465;Jones;Norah;Aries;1979-03-30;true
1466;Ledger;Heath;Aries;1979-04-04;false
1467;Danes;Claire;Aries;1979-04-12;true
1468;Hudson;Kate;Aries;1979-04-19;true
1469;Carr;David;Cancer;1979-07-21;false
1470;Keys;Alicia;Aquarius;1980-01-25;true
1471;Ricci;Christina;Aquarius;1980-02-12;true
1472;Clinton;Chelsea;Pisces;1980-02-27;true
1473;Williams;Venus;Gemini;1980-06-17;true
1474;Simpson;Jessica;Cancer;1980-07-10;true
1475;Culkin;Macaulay;Virgo;1980-08-26;true
1476;Gyllenhaal;Jake;Sagittarius;1980-12-19;true
1477;Timberlake;Justin;Aquarius;1981-01-31;true
1478;Hilton;Paris;Aquarius;1981-02-17;true
1479;Knowles;Beyonce;Virgo;1981-09-04;true
1480;Williams;Serena;Libra;1981-09-26;true
1481;Bush;Jenna;Sagittarius;1981-11-25;true
1482;Spears;Britney;Sagittarius;1981-12-02;true
1483;Clarkson;Kelly;Taurus;1982-04-24;true
1484;Lipinski;Tara;Gemini;1982-06-10;true
1485;Winehouse;Amy;Virgo;1983-09-14;false
1486;Johansson;Scarlett;Scorpio;1984-11-22;true
1487;James;LeBron;Capricorn;1984-12-30;true
1488;Phelps;Michael;Cancer;1985-06-30;true
1489;Nadal;Rafael;Gemini;1986-06-03;true
1490;Lohan;Lindsay;Cancer;1986-07-02;true
1491;Pistorius;Oscar;Scorpio;1986-11-22;true
1492;Radcliffe;Daniel;Leo;1989-07-23;true
1493;Shankar;Ravi;Scorpio;1920-04-07;false
1494;Cyrus;Miley;Sagittarius;1992-11-23;true
1495;Onassis;Jacqueline Kennedy;Taurus;1929-07-28;false
